{
  "val": {
    "accuracy": 0.804635761589404,
    "macro_f1": 0.8033265248424647,
    "roc_auc": 0.9632328098020392
  },
  "test": {
    "accuracy": 0.8134657836644592,
    "macro_f1": 0.8121043826383259,
    "roc_auc": 0.9598628715114834
  },
  "train_time_seconds": 1.0190339088439941
}