{
  "val": {
    "accuracy": 0.7610375275938189,
    "macro_f1": 0.7596215535716087,
    "roc_auc": 0.9436411983230106
  },
  "test": {
    "accuracy": 0.760485651214128,
    "macro_f1": 0.7573224709233103,
    "roc_auc": 0.9360659945064138
  },
  "train_time_seconds": 12.260714292526245
}