{
  "AR Drone": {
    "MSP": {
      "auroc": 0.8634790222001308,
      "aupr": 0.9564750094750453,
      "fpr_at_95tpr": 0.6644591611479028
    },
    "Energy": {
      "auroc": 0.8824889096806996,
      "aupr": 0.9606033981788143,
      "fpr_at_95tpr": 0.6975717439293598
    },
    "Mahalanobis": {
      "auroc": 0.6175947448698643,
      "aupr": 0.8668591349696234,
      "fpr_at_95tpr": 1.0
    }
  },
  "Bepop Drone": {
    "MSP": {
      "auroc": 0.6393319331348365,
      "aupr": 0.7823880812023373,
      "fpr_at_95tpr": 0.7306843267108167
    },
    "Energy": {
      "auroc": 0.5146492925099126,
      "aupr": 0.743397520255237,
      "fpr_at_95tpr": 1.0
    },
    "Mahalanobis": {
      "auroc": 0.7167879251559792,
      "aupr": 0.8944861900531142,
      "fpr_at_95tpr": 0.8410596026490066
    }
  },
  "Phantom Drone": {
    "MSP": {
      "auroc": 0.23501243447737022,
      "aupr": 0.6008229432433922,
      "fpr_at_95tpr": 0.9602649006622517
    },
    "Energy": {
      "auroc": 0.2370599405159293,
      "aupr": 0.6080183084284344,
      "fpr_at_95tpr": 0.9646799116997793
    },
    "Mahalanobis": {
      "auroc": 0.8860949893360753,
      "aupr": 0.9466745094940966,
      "fpr_at_95tpr": 0.2913907284768212
    }
  }
}