{
  "none": {
    "0.0": {
      "accuracy": 0.8791390728476821,
      "macro_f1": 0.8776172803923177
    }
  },
  "awgn": {
    "0.2": {
      "accuracy": 0.8796909492273731,
      "macro_f1": 0.8781435392621526
    },
    "0.4": {
      "accuracy": 0.8818984547461368,
      "macro_f1": 0.8803857541236095
    },
    "0.6": {
      "accuracy": 0.880242825607064,
      "macro_f1": 0.8787079053523273
    },
    "0.8": {
      "accuracy": 0.3443708609271523,
      "macro_f1": 0.27197492983630095
    },
    "1.0": {
      "accuracy": 0.25,
      "macro_f1": 0.10984481086323958
    }
  },
  "interference": {
    "0.2": {
      "accuracy": 0.880242825607064,
      "macro_f1": 0.8787069002231658
    },
    "0.4": {
      "accuracy": 0.8830022075055187,
      "macro_f1": 0.8818566136242016
    },
    "0.6": {
      "accuracy": 0.8681015452538632,
      "macro_f1": 0.8679804410480185
    },
    "0.8": {
      "accuracy": 0.7858719646799117,
      "macro_f1": 0.7892608217321253
    },
    "1.0": {
      "accuracy": 0.5938189845474614,
      "macro_f1": 0.5785310354377421
    }
  },
  "fading": {
    "0.2": {
      "accuracy": 0.8554083885209713,
      "macro_f1": 0.8504163655555355
    },
    "0.4": {
      "accuracy": 0.7455849889624724,
      "macro_f1": 0.7323427024081572
    },
    "0.6": {
      "accuracy": 0.5728476821192053,
      "macro_f1": 0.5485483824061683
    },
    "0.8": {
      "accuracy": 0.44260485651214126,
      "macro_f1": 0.40224267146952297
    },
    "1.0": {
      "accuracy": 0.37527593818984545,
      "macro_f1": 0.3114357066598501
    }
  },
  "combined": {
    "0.2": {
      "accuracy": 0.8609271523178808,
      "macro_f1": 0.8557540521913609
    },
    "0.4": {
      "accuracy": 0.7902869757174393,
      "macro_f1": 0.7808560302621609
    },
    "0.6": {
      "accuracy": 0.7218543046357616,
      "macro_f1": 0.7106094981604338
    },
    "0.8": {
      "accuracy": 0.5386313465783664,
      "macro_f1": 0.5431921653754044
    },
    "1.0": {
      "accuracy": 0.2902869757174393,
      "macro_f1": 0.21269282745811063
    }
  }
}