{
  "AR Drone": {
    "MSP": {
      "auroc": 0.8836162156630558,
      "aupr": 0.9593004884700174,
      "fpr_at_95tpr": 0.5938189845474614
    },
    "Energy": {
      "auroc": 0.9222207602980377,
      "aupr": 0.9668364755230328,
      "fpr_at_95tpr": 0.2229580573951435
    },
    "Mahalanobis": {
      "auroc": 0.8976718045179954,
      "aupr": 0.9627500916405329,
      "fpr_at_95tpr": 0.3708609271523179
    }
  },
  "Bepop Drone": {
    "MSP": {
      "auroc": 0.7389295791120273,
      "aupr": 0.881969935213917,
      "fpr_at_95tpr": 0.8145695364238411
    },
    "Energy": {
      "auroc": 0.6783214511384328,
      "aupr": 0.821908793753835,
      "fpr_at_95tpr": 0.9293598233995585
    },
    "Mahalanobis": {
      "auroc": 0.6981175289582815,
      "aupr": 0.822143145311237,
      "fpr_at_95tpr": 0.6887417218543046
    }
  },
  "Phantom Drone": {
    "MSP": {
      "auroc": 0.7009885856208385,
      "aupr": 0.8430408601107862,
      "fpr_at_95tpr": 0.9823399558498896
    },
    "Energy": {
      "auroc": 0.67972164963525,
      "aupr": 0.867967172886137,
      "fpr_at_95tpr": 0.9867549668874173
    },
    "Mahalanobis": {
      "auroc": 0.7521242570582511,
      "aupr": 0.8536565420031981,
      "fpr_at_95tpr": 0.5629139072847682
    }
  }
}