{
  "accuracy": 0.9034216335540839,
  "balanced_accuracy": 0.9034216335540839,
  "macro_f1": 0.902984920927457,
  "weighted_f1": 0.9029849209274571,
  "macro_precision": 0.9129323898333567,
  "macro_recall": 0.9034216335540839,
  "cohen_kappa": 0.8712288447387785,
  "mcc": 0.8744008957844366,
  "roc_auc_ovr": 0.9862138518940853,
  "ece": 0.032903925768586965,
  "classification_report": "               precision    recall  f1-score   support\n\n   Background       1.00      0.78      0.88       453\n     AR Drone       0.81      0.97      0.89       453\n  Bepop Drone       0.92      0.91      0.92       453\nPhantom Drone       0.91      0.95      0.93       453\n\n     accuracy                           0.90      1812\n    macro avg       0.91      0.90      0.90      1812\n weighted avg       0.91      0.90      0.90      1812\n",
  "model": "transformer",
  "task": "multiclass",
  "epochs_trained": 46,
  "epochs_max": 50,
  "best_val_f1": 0.9862290102317944,
  "param_count": 375492,
  "label_smoothing": 0.1,
  "weight_decay": 0.0001,
  "augmentation": true
}