{
  "none": {
    "0.0": {
      "accuracy": 0.934878587196468,
      "macro_f1": 0.934645064930476
    }
  },
  "awgn": {
    "0.2": {
      "accuracy": 0.9315673289183223,
      "macro_f1": 0.9313452483742037
    },
    "0.4": {
      "accuracy": 0.9398454746136865,
      "macro_f1": 0.939693200121893
    },
    "0.6": {
      "accuracy": 0.9299116997792495,
      "macro_f1": 0.9305833903570417
    },
    "0.8": {
      "accuracy": 0.7086092715231788,
      "macro_f1": 0.6923771938217165
    },
    "1.0": {
      "accuracy": 0.42328918322295805,
      "macro_f1": 0.2817733526115306
    }
  },
  "interference": {
    "0.2": {
      "accuracy": 0.9343267108167771,
      "macro_f1": 0.9340965297135402
    },
    "0.4": {
      "accuracy": 0.9304635761589404,
      "macro_f1": 0.9302298693836075
    },
    "0.6": {
      "accuracy": 0.9254966887417219,
      "macro_f1": 0.9254865361492132
    },
    "0.8": {
      "accuracy": 0.8432671081677704,
      "macro_f1": 0.8449344238704737
    },
    "1.0": {
      "accuracy": 0.7488962472406181,
      "macro_f1": 0.7529047507337532
    }
  },
  "fading": {
    "0.2": {
      "accuracy": 0.9144591611479028,
      "macro_f1": 0.9139889682797656
    },
    "0.4": {
      "accuracy": 0.8631346578366446,
      "macro_f1": 0.8623773159452359
    },
    "0.6": {
      "accuracy": 0.772075055187638,
      "macro_f1": 0.7710617320813137
    },
    "0.8": {
      "accuracy": 0.6445916114790287,
      "macro_f1": 0.6404390883889339
    },
    "1.0": {
      "accuracy": 0.5419426048565121,
      "macro_f1": 0.5290483846591759
    }
  },
  "combined": {
    "0.2": {
      "accuracy": 0.9139072847682119,
      "macro_f1": 0.9134485126279211
    },
    "0.4": {
      "accuracy": 0.8747240618101545,
      "macro_f1": 0.8739532532447597
    },
    "0.6": {
      "accuracy": 0.8239514348785872,
      "macro_f1": 0.8237577334394101
    },
    "0.8": {
      "accuracy": 0.6716335540838853,
      "macro_f1": 0.6624478566092319
    },
    "1.0": {
      "accuracy": 0.3051876379690949,
      "macro_f1": 0.22730155652211786
    }
  }
}