{
  "accuracy": 0.8945916114790287,
  "balanced_accuracy": 0.8945916114790288,
  "macro_f1": 0.8936096742986369,
  "weighted_f1": 0.8936096742986369,
  "macro_precision": 0.9092460993445486,
  "macro_recall": 0.8945916114790288,
  "cohen_kappa": 0.8594554819720382,
  "mcc": 0.8646029306244889,
  "roc_auc_ovr": 0.9937114925108873,
  "ece": 0.07789178314324774,
  "classification_report": "               precision    recall  f1-score   support\n\n   Background       1.00      0.77      0.87       453\n     AR Drone       0.81      0.98      0.89       453\n  Bepop Drone       0.97      0.84      0.90       453\nPhantom Drone       0.86      0.99      0.92       453\n\n     accuracy                           0.89      1812\n    macro avg       0.91      0.89      0.89      1812\n weighted avg       0.91      0.89      0.89      1812\n",
  "model": "smallrf",
  "task": "multiclass",
  "epochs": 30,
  "best_val_f1": 0.9994481229479737,
  "param_count": 155236
}