{
  "val": {
    "accuracy": 0.9536423841059603,
    "macro_f1": 0.936272728338472,
    "roc_auc": 0.991191906787714
  },
  "test": {
    "accuracy": 0.9166666666666666,
    "macro_f1": 0.8902489066486752,
    "roc_auc": 0.9693962415553574
  },
  "train_time_seconds": 2.821892023086548
}