{
  "val": {
    "accuracy": 0.9381898454746137,
    "macro_f1": 0.9156946023010508,
    "roc_auc": 0.9814091974523534
  },
  "test": {
    "accuracy": 0.8990066225165563,
    "macro_f1": 0.8679270307957572,
    "roc_auc": 0.9570860277408235
  },
  "train_time_seconds": 12.600013732910156
}