{
  "none": {
    "0.0": {
      "accuracy": 0.9034216335540839,
      "macro_f1": 0.902984920927457
    }
  },
  "awgn": {
    "0.2": {
      "accuracy": 0.9078366445916115,
      "macro_f1": 0.9074279698820464
    },
    "0.4": {
      "accuracy": 0.9100441501103753,
      "macro_f1": 0.9097507771975858
    },
    "0.6": {
      "accuracy": 0.9260485651214128,
      "macro_f1": 0.9259790586251759
    },
    "0.8": {
      "accuracy": 0.5772626931567328,
      "macro_f1": 0.5682234737824282
    },
    "1.0": {
      "accuracy": 0.34216335540838855,
      "macro_f1": 0.24749436597621477
    }
  },
  "interference": {
    "0.2": {
      "accuracy": 0.9061810154525386,
      "macro_f1": 0.905819088821262
    },
    "0.4": {
      "accuracy": 0.9056291390728477,
      "macro_f1": 0.9053251531884872
    },
    "0.6": {
      "accuracy": 0.9034216335540839,
      "macro_f1": 0.9032516025429821
    },
    "0.8": {
      "accuracy": 0.8383002207505519,
      "macro_f1": 0.8403045521135815
    },
    "1.0": {
      "accuracy": 0.7461368653421634,
      "macro_f1": 0.7481069125707257
    }
  },
  "fading": {
    "0.2": {
      "accuracy": 0.8736203090507726,
      "macro_f1": 0.872543415619991
    },
    "0.4": {
      "accuracy": 0.8283664459161147,
      "macro_f1": 0.8260716804153779
    },
    "0.6": {
      "accuracy": 0.7731788079470199,
      "macro_f1": 0.7689468023690152
    },
    "0.8": {
      "accuracy": 0.7119205298013245,
      "macro_f1": 0.7059279295604014
    },
    "1.0": {
      "accuracy": 0.6330022075055187,
      "macro_f1": 0.6196180561071134
    }
  },
  "combined": {
    "0.2": {
      "accuracy": 0.8752759381898455,
      "macro_f1": 0.8744555855475628
    },
    "0.4": {
      "accuracy": 0.8509933774834437,
      "macro_f1": 0.8496273893394387
    },
    "0.6": {
      "accuracy": 0.847682119205298,
      "macro_f1": 0.8475359540961991
    },
    "0.8": {
      "accuracy": 0.6330022075055187,
      "macro_f1": 0.6223091464755153
    },
    "1.0": {
      "accuracy": 0.28532008830022076,
      "macro_f1": 0.1777824538246349
    }
  }
}